<?xml version="1.0" encoding="UTF-8"?>
<project-private xmlns="http://www.netbeans.org/ns/project-private/1">
    <editor-bookmarks xmlns="http://www.netbeans.org/ns/editor-bookmarks/2" lastBookmarkId="0"/>
    <open-files xmlns="http://www.netbeans.org/ns/projectui-open-files/2">
        <group>
            <file>file:/home/peng/文档/PROGRAM/WEBsite/SXU_Computer_Vision/web/SXUBG/main.jsp</file>
            <file>file:/home/peng/文档/PROGRAM/WEBsite/SXU_Computer_Vision/src/java/com/operation/Show_info.java</file>
            <file>file:/home/peng/文档/PROGRAM/WEBsite/SXU_Computer_Vision/web/SXUBG/news_bg_info.jsp</file>
            <file>file:/home/peng/文档/PROGRAM/WEBsite/SXU_Computer_Vision/web/SXUBG/news_bg_list.jsp</file>
            <file>file:/home/peng/文档/PROGRAM/WEBsite/SXU_Computer_Vision/src/java/com/operation/Upload_pic.java</file>
        </group>
    </open-files>
</project-private>
