<?xml version="1.0" encoding="UTF-8"?>

<c3p0-config>
    <default-config>
        <!--<named-config name="config_name">-->
    　　 <!--mysql数据库连接的各项参数-->
        <property name="driverClass">com.mysql.jdbc.Driver</property>
        <property name="jdbcUrl">jdbc:mysql://localhost:3306/SXU_Computer_Vision?useUnicode=true&amp;characterEncoding=UTF-8</property>
        <property name="user">root</property>
        <property name="password">mysql</property>
        <!--配置数据库连接池的最小链接数、最大连接数、初始连接数-->
        <property name="minPoolSize">5</property>
        <property name="maxPoolSize">15</property>
        <property name="initialSize">5</property>
    </default-config>
</c3p0-config>
